{"exact": 66.3197729422895, "f1": 75.61597400828245, "total": 10570, "HasAns_exact": 66.3197729422895, "HasAns_f1": 75.61597400828245, "HasAns_total": 10570}