{"exact": 78.83632923368023, "f1": 87.14188452907673, "total": 10570, "HasAns_exact": 78.83632923368023, "HasAns_f1": 87.14188452907673, "HasAns_total": 10570}