{"exact": 76.9441816461684, "f1": 84.7536956876441, "total": 10570, "HasAns_exact": 76.9441816461684, "HasAns_f1": 84.7536956876441, "HasAns_total": 10570}